ID,Fabric_Type,Color,Gender,measurement_units,Price (â‚¦),Season,Occasion,Location,Stitch_Quality,Style_Type,Sold_Status
1,Brocade,orange,Male,Meters,6515,festival,Casual,Ibadan,High,Fashion,Slow
2,Licra,pitch,Male,t,4613,festival,Office,Abuja,Low,Fashion,Slow
3,Silk,lilac,Male,t,6030,normal,Church,Ibadan,High,Fashion,Slow
4,Sevenstar,Black,Female,t,2071,festival,Office,Ibadan,Medium,Casual,Slow
5,Rib,Green,Male,t,2659,normal,Church,Ibadan,Medium,Traditional,Fast
6,Brocade,orange,Male,t,5292,normal,Wedding,Benin,Medium,Fashion,Fast
7,Chinox,Olive,Female,t,6752,normal,Church,Enugu,Medium,Corporate,Slow
8,Cashmen,Violet,Female,t,4968,festival,Office,Lagos,Low,Traditional,Slow
9,Milkado,Yellow,Male,t,5997,normal,Party,Lagos,Low,Fashion,Fast
10,Damask,pitch,Female,t,3974,normal,Party,Kano,Medium,Fashion,Fast
11,Cashmen,wine,Male,t,5279,normal,Office,Kano,Medium,Traditional,Fast
12,Linen,White,Female,t,3342,festival,Party,Lagos,High,Casual,Fast
13,Rib,lilac,Female,t,5367,festival,Party,Enugu,Medium,Casual,Slow
14,Licra,Blue,Female,t,3844,festival,Office,Abeokuta,Low,Traditional,Slow
15,Sevenstar,orange,Male,t,6922,normal,Party,Benin,Medium,Casual,Fast
16,Rib,Olive,Male,t,2606,normal,Church,Benin,High,Corporate,Fast
17,Chinox,magenta,Female,t,6396,normal,Casual,Ibadan,Medium,Casual,Slow
18,Cashmen,Pink,Male,t,3381,festival,Casual,Kano,Medium,Fashion,Slow
19,Sevenstar,Blue,Male,t,7094,festival,Office,Lagos,Low,Corporate,Slow
20,Silk,lilac,Male,t,6183,normal,Office,Abuja,Low,Corporate,Slow
21,Silk,Cream,Male,t,3860,normal,Party,Abeokuta,High,Corporate,Fast
22,Rib,Yellow,Male,t,3829,normal,Casual,Abeokuta,Medium,Traditional,Slow
23,Licra,Black,Female,t,3231,festival,Wedding,Abeokuta,Medium,Corporate,Slow
24,Licra,Brown,Male,t,4463,festival,Wedding,Kano,Medium,Casual,Fast
25,Damask,Yellow,Male,t,6407,normal,Party,Kano,Low,Traditional,Fast
26,Jonkoso,Red,Female,t,6109,festival,Office,Ibadan,High,Traditional,Fast
27,Chinox,Violet,Male,t,4094,normal,Wedding,Ibadan,Low,Traditional,Fast
28,Cashmen,Yellow,Female,t,6525,festival,Casual,Abuja,High,Traditional,Fast
29,Linen,orange,Male,t,5763,normal,Church,Abeokuta,Low,Fashion,Fast
30,Silk,lilac,Female,t,7222,normal,Office,Abuja,High,Traditional,Slow
31,Crepe,Olive,Female,t,4362,normal,Wedding,Abeokuta,Low,Corporate,Fast
32,Brocade,Pink,Male,t,5486,festival,Party,Ibadan,Medium,Corporate,Slow
33,Rib,pitch,Female,t,2112,normal,Office,Abuja,High,Fashion,Slow
34,Brocade,Yellow,Female,t,7843,festival,Office,Benin,Medium,Traditional,Fast
35,Crepe,Blue,Male,t,7022,normal,Casual,Lagos,High,Traditional,Slow
36,Sevenstar,Brown,Male,t,5614,festival,Office,Enugu,Low,Corporate,Fast
37,Irish,lilac,Female,t,4407,festival,Party,Kano,Medium,Fashion,Fast
38,Sevenstar,Black,Male,t,5867,normal,Wedding,Abeokuta,Medium,Fashion,Fast
39,Jonkoso,Cream,Male,t,4113,festival,Party,Port Harcourt,Low,Corporate,Fast
40,Cashmen,Cream,Female,t,4276,normal,Church,Abeokuta,High,Corporate,Fast
41,Linen,orange,Male,t,3571,normal,Office,Lagos,High,Corporate,Slow
42,Silk,Black,Female,t,3640,festival,Office,Benin,High,Casual,Slow
43,Licra,Grey,Female,t,2085,normal,Party,Lagos,Low,Fashion,Fast
44,Linen,magenta,Female,t,6287,festival,Wedding,Benin,Low,Casual,Slow
45,Milkado,lilac,Female,t,7814,festival,Church,Ibadan,Low,Casual,Slow
46,Damask,magenta,Male,t,2630,normal,Party,Benin,Low,Fashion,Fast
47,Rib,Cream,Female,t,7690,festival,Party,Enugu,High,Casual,Fast
48,Jeans,Brown,Male,t,7568,festival,Office,Lagos,High,Fashion,Fast
49,Rib,wine,Female,t,2149,festival,Wedding,Port Harcourt,High,Fashion,Fast
50,Sevenstar,Violet,Male,t,6949,normal,Wedding,Ibadan,High,Casual,Slow
51,Silk,pitch,Female,t,6750,normal,Party,Lagos,Medium,Traditional,Fast
52,Jeans,lilac,Male,t,4592,normal,Party,Abuja,High,Casual,Slow
53,Licra,pitch,Male,t,2795,normal,Office,Abeokuta,High,Corporate,Fast
54,Irish,wine,Male,t,6001,normal,Wedding,Enugu,Low,Corporate,Slow
55,Licra,lilac,Male,t,2354,normal,Church,Lagos,High,Casual,Fast
56,Crepe,Yellow,Female,t,2401,normal,Wedding,Enugu,Low,Traditional,Fast
57,Linen,Red,Female,t,2311,festival,Office,Benin,Medium,Corporate,Slow
58,Silk,White,Male,t,6169,normal,Office,Kano,Low,Traditional,Fast
59,Chinox,wine,Male,t,2736,normal,Wedding,Abuja,Medium,Fashion,Fast
60,Brocade,Black,Male,t,2566,normal,Office,Enugu,High,Traditional,Slow
61,Milkado,Grey,Male,t,5051,festival,Church,Kano,High,Traditional,Fast
62,Chinox,magenta,Female,t,3284,festival,Wedding,Enugu,Low,Casual,Slow
63,Chinox,Violet,Female,t,7366,normal,Party,Lagos,Low,Traditional,Fast
64,Crepe,wine,Male,t,7474,festival,Casual,Abuja,Medium,Casual,Slow
65,Linen,White,Male,t,5003,festival,Casual,Abeokuta,Low,Corporate,Slow
66,Brocade,Red,Male,t,7459,normal,Party,Abuja,High,Fashion,Fast
67,Jeans,Grey,Male,t,5965,normal,Office,Benin,Low,Casual,Fast
68,Brocade,Yellow,Male,t,5090,normal,Party,Benin,Medium,Casual,Fast
69,Jeans,Olive,Female,t,6198,normal,Wedding,Port Harcourt,Medium,Traditional,Fast
70,Jonkoso,orange,Male,t,2701,festival,Wedding,Kano,Low,Fashion,Fast
71,Damask,White,Female,t,3409,festival,Church,Enugu,High,Corporate,Slow
72,Cashmen,Cream,Male,t,6192,festival,Party,Abuja,Medium,Fashion,Fast
73,Cashmen,Pink,Female,t,4578,festival,Party,Lagos,Medium,Fashion,Fast
74,Jonkoso,magenta,Female,t,5940,festival,Wedding,Enugu,Low,Traditional,Fast
75,Linen,Pink,Female,t,2427,festival,Wedding,Benin,Medium,Corporate,Fast
76,Crepe,pitch,Female,t,7568,festival,Church,Lagos,Low,Traditional,Fast
77,Irish,orange,Female,t,3761,normal,Office,Port Harcourt,Medium,Casual,Slow
78,Brocade,Blue,Female,t,3997,festival,Party,Lagos,Low,Traditional,Fast
79,Damask,magenta,Female,t,5078,festival,Party,Abeokuta,High,Traditional,Fast
80,Milkado,Red,Female,t,7081,festival,Church,Enugu,High,Corporate,Fast
81,Linen,Grey,Male,t,7001,festival,Office,Lagos,High,Traditional,Slow
82,Licra,Yellow,Male,t,2570,normal,Casual,Lagos,High,Casual,Fast
83,Silk,wine,Male,t,6214,festival,Wedding,Kano,Low,Corporate,Slow
84,Jeans,Yellow,Male,t,6306,normal,Party,Ibadan,Low,Casual,Slow
85,Jeans,Blue,Female,t,3805,festival,Party,Lagos,Medium,Traditional,Fast
86,Damask,pitch,Male,t,2990,normal,Wedding,Enugu,Low,Traditional,Fast
87,Jonkoso,Olive,Female,t,7982,festival,Church,Enugu,Low,Fashion,Fast
88,Linen,Blue,Female,t,3706,festival,Party,Abuja,High,Traditional,Fast
89,Silk,Grey,Female,t,5459,festival,Wedding,Enugu,High,Corporate,Slow
90,Damask,White,Male,t,2711,festival,Office,Abuja,High,Corporate,Slow
91,Chinox,pitch,Female,t,7989,festival,Office,Enugu,High,Casual,Fast
92,Damask,wine,Female,t,3765,normal,Party,Abeokuta,Medium,Fashion,Fast
93,Rib,Black,Female,t,2417,festival,Casual,Ibadan,Medium,Corporate,Fast
94,Chinox,Violet,Female,t,3750,festival,Office,Kano,Medium,Fashion,Slow
95,Chinox,Olive,Male,t,6395,normal,Party,Kano,Low,Traditional,Fast
96,Linen,pitch,Female,t,6459,festival,Party,Ibadan,Medium,Corporate,Fast
97,Brocade,Yellow,Male,t,2898,normal,Casual,Abuja,Medium,Traditional,Fast
98,Irish,wine,Male,t,7327,normal,Office,Kano,High,Casual,Fast
99,Crepe,orange,Male,t,3546,normal,Office,Ibadan,High,Casual,Slow
100,Cashmen,Green,Male,t,3945,festival,Church,Abeokuta,High,Corporate,Fast
101,Chinox,Black,Female,t,4762,festival,Church,Benin,High,Corporate,Fast
102,Chinox,pitch,Male,t,2781,normal,Church,Benin,Medium,Traditional,Fast
103,Linen,Blue,Male,t,3719,normal,Office,Lagos,High,Corporate,Fast
104,Brocade,White,Male,t,5308,normal,Party,Kano,Medium,Casual,Slow
105,Silk,pitch,Male,t,2741,normal,Office,Port Harcourt,High,Traditional,Slow
106,Jeans,orange,Female,t,5871,festival,Office,Benin,High,Corporate,Fast
107,Cashmen,magenta,Male,t,2408,festival,Wedding,Lagos,Medium,Casual,Fast
108,Crepe,magenta,Female,t,2993,festival,Office,Enugu,Medium,Traditional,Slow
109,Irish,magenta,Male,t,7893,festival,Casual,Ibadan,Medium,Casual,Slow
110,Brocade,magenta,Male,t,2765,normal,Casual,Ibadan,Low,Traditional,Slow
111,Silk,pitch,Female,t,2991,normal,Wedding,Enugu,Low,Traditional,Fast
112,Sevenstar,Grey,Male,t,2859,festival,Party,Abeokuta,High,Casual,Fast
113,Sevenstar,Red,Female,t,4353,normal,Casual,Enugu,High,Fashion,Fast
114,Crepe,White,Male,t,7256,festival,Party,Abeokuta,High,Casual,Fast
115,Brocade,wine,Male,t,3193,festival,Wedding,Enugu,Low,Corporate,Slow
116,Silk,pitch,Female,t,2849,festival,Wedding,Benin,Medium,Traditional,Fast
117,Chinox,Black,Female,t,2098,normal,Casual,Ibadan,Low,Traditional,Fast
118,Irish,Green,Male,t,3813,normal,Church,Enugu,Low,Traditional,Slow
119,Silk,Black,Female,t,4826,festival,Church,Enugu,Low,Corporate,Slow
120,Irish,magenta,Male,t,4598,festival,Church,Ibadan,High,Traditional,Fast
121,Brocade,Violet,Female,t,7607,normal,Office,Abeokuta,High,Traditional,Slow
122,Silk,orange,Female,t,4891,festival,Church,Lagos,High,Corporate,Fast
123,Silk,Green,Female,t,5167,festival,Church,Port Harcourt,Medium,Casual,Slow
124,Irish,Pink,Male,t,5900,festival,Office,Port Harcourt,Medium,Traditional,Fast
125,Rib,lilac,Female,t,6164,festival,Wedding,Benin,Low,Casual,Slow
126,Cashmen,Black,Male,t,3499,normal,Office,Lagos,High,Traditional,Slow
127,Jeans,Olive,Male,t,5529,festival,Office,Abeokuta,High,Fashion,Fast
128,Rib,Brown,Female,t,6727,festival,Party,Enugu,Medium,Casual,Slow
129,Silk,Cream,Female,t,2240,festival,Wedding,Kano,Medium,Traditional,Fast
130,Damask,magenta,Female,t,3177,normal,Wedding,Abuja,Medium,Corporate,Slow
131,Jonkoso,lilac,Female,t,4413,festival,Party,Benin,High,Traditional,Fast
132,Damask,Cream,Male,t,3668,normal,Church,Kano,Medium,Fashion,Slow
133,Sevenstar,Cream,Male,t,2013,festival,Wedding,Ibadan,Medium,Casual,Fast
134,Jonkoso,Brown,Male,t,4808,normal,Casual,Ibadan,Medium,Casual,Fast
135,Damask,Pink,Female,t,5855,normal,Party,Kano,Low,Casual,Fast
136,Damask,pitch,Female,t,6771,normal,Church,Port Harcourt,High,Traditional,Fast
137,Rib,magenta,Female,t,3668,normal,Casual,Kano,High,Fashion,Slow
138,Rib,Black,Male,t,5939,festival,Wedding,Benin,Low,Fashion,Fast
139,Damask,Red,Male,t,7841,normal,Wedding,Kano,Low,Corporate,Fast
140,Sevenstar,Brown,Female,t,4917,normal,Party,Enugu,High,Corporate,Slow
141,Chinox,Green,Female,t,5395,normal,Church,Enugu,Low,Fashion,Slow
142,Licra,Violet,Male,t,3809,normal,Wedding,Port Harcourt,Low,Casual,Fast
143,Linen,Green,Male,t,3680,normal,Casual,Ibadan,Low,Corporate,Fast
144,Licra,Brown,Male,t,7959,festival,Casual,Abuja,High,Traditional,Fast
145,Brocade,Black,Female,t,3814,normal,Church,Benin,High,Casual,Slow
146,Linen,lilac,Male,t,7714,normal,Church,Kano,High,Casual,Fast
147,Cashmen,wine,Female,t,7478,normal,Church,Abuja,High,Fashion,Slow
148,Milkado,Black,Female,t,2800,normal,Church,Abuja,Low,Fashion,Fast
149,Silk,wine,Male,t,4684,normal,Party,Kano,High,Casual,Fast
150,Cashmen,Olive,Male,t,3695,normal,Church,Lagos,Low,Traditional,Fast
151,Crepe,Brown,Female,t,5010,festival,Church,Abuja,Low,Corporate,Fast
152,Damask,Black,Male,t,7830,normal,Casual,Abuja,Low,Casual,Slow
153,Milkado,Violet,Female,t,2578,festival,Wedding,Ibadan,Low,Corporate,Fast
154,Irish,pitch,Female,t,7827,festival,Wedding,Benin,Low,Fashion,Fast
155,Chinox,lilac,Male,t,4210,festival,Wedding,Port Harcourt,Low,Casual,Fast
156,Brocade,Yellow,Female,t,3172,normal,Party,Lagos,Medium,Corporate,Slow
157,Crepe,Cream,Female,t,2925,festival,Church,Abuja,Low,Traditional,Fast
158,Brocade,wine,Female,t,3665,festival,Office,Kano,High,Fashion,Slow
159,Crepe,Grey,Male,t,6466,normal,Church,Port Harcourt,High,Casual,Fast
160,Chinox,Olive,Male,t,6278,festival,Office,Port Harcourt,Low,Traditional,Fast
161,Milkado,pitch,Male,t,5915,normal,Wedding,Abuja,Medium,Corporate,Slow
162,Jonkoso,Yellow,Male,t,6858,normal,Casual,Abeokuta,High,Traditional,Fast
163,Damask,Blue,Male,t,7433,normal,Party,Abeokuta,Medium,Fashion,Fast
164,Chinox,Black,Male,t,7393,normal,Casual,Benin,Medium,Corporate,Fast
165,Milkado,Yellow,Female,t,3072,festival,Party,Enugu,Medium,Traditional,Fast
166,Crepe,magenta,Female,t,2754,festival,Church,Port Harcourt,High,Traditional,Fast
167,Jonkoso,magenta,Male,t,6999,normal,Wedding,Ibadan,High,Traditional,Fast
168,Jonkoso,Green,Male,t,5415,festival,Church,Ibadan,Medium,Traditional,Slow
169,Silk,pitch,Male,t,7265,festival,Party,Abuja,High,Traditional,Fast
170,Irish,wine,Female,t,6638,normal,Office,Lagos,Low,Corporate,Fast
171,Jeans,Olive,Male,t,2793,normal,Office,Ibadan,High,Corporate,Slow
172,Silk,magenta,Female,t,5301,normal,Office,Enugu,Medium,Casual,Slow
173,Jonkoso,Yellow,Female,t,2591,normal,Party,Kano,High,Corporate,Fast
174,Milkado,Red,Male,t,6465,festival,Church,Port Harcourt,High,Fashion,Fast
175,Jonkoso,Green,Female,t,3764,festival,Party,Kano,Medium,Fashion,Fast
176,Linen,Black,Female,t,7206,normal,Church,Lagos,Low,Corporate,Fast
177,Brocade,Green,Female,t,4092,festival,Casual,Enugu,Low,Corporate,Fast
178,Crepe,Blue,Male,t,3511,festival,Office,Abeokuta,Low,Traditional,Fast
179,Crepe,White,Male,t,6260,normal,Party,Enugu,Low,Traditional,Fast
180,Silk,wine,Male,t,3602,normal,Wedding,Abeokuta,Low,Corporate,Slow
181,Brocade,orange,Female,t,3778,normal,Casual,Abeokuta,High,Fashion,Fast
182,Jonkoso,Yellow,Female,t,5767,normal,Wedding,Abeokuta,High,Fashion,Fast
183,Irish,Olive,Male,t,7583,festival,Party,Port Harcourt,High,Traditional,Fast
184,Linen,orange,Female,t,3090,normal,Wedding,Port Harcourt,Low,Corporate,Fast
185,Jeans,Pink,Female,t,6876,festival,Party,Port Harcourt,Medium,Casual,Slow
186,Irish,Violet,Male,t,5873,festival,Church,Enugu,Low,Fashion,Slow
187,Sevenstar,White,Female,t,2792,festival,Church,Benin,Medium,Corporate,Fast
188,Rib,Green,Female,t,4490,festival,Party,Kano,Medium,Traditional,Fast
189,Cashmen,Red,Female,t,3629,festival,Office,Abuja,Low,Casual,Fast
190,Licra,Olive,Female,t,7804,normal,Church,Enugu,High,Fashion,Fast
191,Silk,Green,Female,t,4211,normal,Casual,Enugu,Medium,Traditional,Slow
192,Jeans,Blue,Female,t,3421,normal,Wedding,Benin,High,Traditional,Fast
193,Rib,orange,Female,t,3891,normal,Casual,Kano,Medium,Fashion,Slow
194,Crepe,Grey,Female,t,3703,festival,Office,Abuja,Medium,Corporate,Slow
195,Crepe,pitch,Female,t,7248,festival,Church,Lagos,Low,Corporate,Slow
196,Rib,White,Female,t,3525,normal,Office,Enugu,Medium,Fashion,Fast
197,Cashmen,Black,Male,t,7850,normal,Church,Enugu,Medium,Casual,Fast
198,Rib,Green,Male,t,7077,festival,Office,Benin,Medium,Casual,Slow
199,Licra,Cream,Female,t,7125,festival,Party,Ibadan,Low,Casual,Slow
200,Cashmen,Grey,Female,t,2452,normal,Church,Kano,Low,Fashion,Fast
201,Milkado,Red,Female,t,6075,festival,Casual,Enugu,High,Traditional,Slow
202,Licra,Green,Male,t,3955,normal,Office,Enugu,High,Corporate,Slow
203,Jeans,Pink,Female,t,3586,normal,Party,Abeokuta,High,Fashion,Fast
204,Licra,Brown,Male,t,3475,festival,Party,Lagos,High,Traditional,Fast
205,Jonkoso,Yellow,Male,t,5456,festival,Casual,Enugu,Medium,Fashion,Fast
206,Silk,Olive,Male,t,6680,festival,Casual,Abuja,High,Fashion,Fast
207,Brocade,pitch,Male,t,3834,normal,Office,Lagos,High,Traditional,Slow
208,Damask,Olive,Male,t,7847,festival,Church,Lagos,Medium,Fashion,Slow
209,Brocade,Yellow,Female,t,4177,festival,Casual,Abeokuta,Low,Traditional,Slow
210,Crepe,pitch,Female,t,5730,normal,Office,Benin,Low,Corporate,Slow
211,Chinox,Grey,Male,t,4354,normal,Office,Lagos,High,Corporate,Slow
212,Silk,Olive,Female,t,2681,festival,Casual,Enugu,High,Fashion,Slow
213,Rib,wine,Male,t,5666,normal,Office,Abuja,High,Traditional,Slow
214,Crepe,Cream,Female,t,7944,normal,Casual,Abuja,Medium,Corporate,Fast
215,Jonkoso,pitch,Female,t,7075,festival,Office,Enugu,High,Corporate,Fast
216,Rib,Blue,Female,t,4176,normal,Wedding,Abeokuta,Medium,Casual,Slow
217,Jonkoso,Blue,Male,t,2277,festival,Wedding,Benin,Low,Fashion,Fast
218,Cashmen,Black,Male,t,2317,festival,Church,Kano,Medium,Fashion,Fast
219,Sevenstar,Olive,Female,t,3661,festival,Office,Kano,Low,Corporate,Slow
220,Rib,Blue,Female,t,5173,normal,Party,Abuja,Medium,Casual,Fast
221,Silk,Blue,Female,t,5432,festival,Wedding,Enugu,High,Traditional,Fast
222,Irish,White,Male,t,3312,festival,Casual,Kano,High,Traditional,Fast
223,Jeans,Violet,Male,t,4310,normal,Wedding,Enugu,High,Traditional,Fast
224,Irish,White,Male,t,7645,festival,Church,Benin,Medium,Fashion,Fast
225,Rib,Black,Female,t,5958,normal,Party,Ibadan,Medium,Traditional,Fast
226,Cashmen,wine,Male,t,6836,normal,Party,Enugu,Medium,Traditional,Fast
227,Irish,Green,Female,t,3618,normal,Church,Abeokuta,Medium,Traditional,Slow
228,Jeans,Yellow,Male,t,3251,normal,Church,Abuja,Medium,Corporate,Slow
229,Damask,magenta,Female,t,4475,normal,Church,Abuja,Medium,Traditional,Slow
230,Crepe,Brown,Male,t,5407,normal,Wedding,Enugu,High,Casual,Slow
231,Damask,Brown,Male,t,4033,festival,Party,Enugu,High,Casual,Slow
232,Rib,Red,Male,t,6049,festival,Office,Ibadan,High,Fashion,Slow
233,Milkado,Grey,Male,t,4061,festival,Church,Port Harcourt,High,Fashion,Fast
234,Rib,Yellow,Male,t,2986,festival,Wedding,Abuja,High,Casual,Fast
235,Jeans,wine,Male,t,7807,normal,Party,Kano,High,Traditional,Fast
236,Jeans,Cream,Female,t,3861,festival,Wedding,Benin,High,Traditional,Fast
237,Silk,orange,Female,t,2483,normal,Casual,Abeokuta,Medium,Traditional,Fast
238,Silk,Cream,Female,t,3956,normal,Wedding,Abeokuta,High,Traditional,Fast
239,Milkado,wine,Male,t,5559,normal,Church,Lagos,Low,Corporate,Slow
240,Crepe,Yellow,Male,t,6756,festival,Party,Lagos,Low,Casual,Fast
241,Jonkoso,Green,Female,t,2158,festival,Party,Port Harcourt,High,Casual,Fast
242,Brocade,magenta,Female,t,2471,festival,Wedding,Kano,Low,Corporate,Slow
243,Damask,magenta,Female,t,7599,normal,Church,Kano,High,Corporate,Fast
244,Chinox,lilac,Female,t,4217,festival,Office,Abeokuta,Medium,Casual,Slow
245,Jeans,Green,Female,t,4728,normal,Church,Abeokuta,Medium,Traditional,Fast
246,Cashmen,Pink,Male,t,7101,normal,Party,Port Harcourt,High,Casual,Slow
247,Silk,Black,Male,t,7934,festival,Wedding,Abeokuta,Medium,Fashion,Fast
248,Chinox,White,Female,t,3998,festival,Wedding,Ibadan,High,Casual,Fast
249,Jeans,Pink,Female,t,5625,festival,Party,Lagos,Low,Corporate,Slow
250,Rib,wine,Female,t,4463,normal,Casual,Ibadan,Low,Corporate,Slow
251,Brocade,Cream,Female,t,4753,normal,Wedding,Abuja,High,Fashion,Fast
252,Damask,Pink,Female,t,7309,normal,Casual,Ibadan,Low,Fashion,Fast
253,Linen,Violet,Female,t,3751,normal,Office,Benin,Medium,Casual,Fast
254,Linen,Grey,Male,t,6149,festival,Casual,Kano,Medium,Fashion,Fast
255,Milkado,Green,Female,t,3665,normal,Wedding,Port Harcourt,Low,Fashion,Fast
256,Irish,wine,Female,t,5065,festival,Party,Abeokuta,Low,Corporate,Slow
257,Milkado,lilac,Male,t,7648,festival,Casual,Kano,Low,Traditional,Fast
258,Crepe,Blue,Male,t,2936,normal,Office,Abeokuta,High,Corporate,Fast
259,Damask,Violet,Male,t,7154,festival,Casual,Lagos,Medium,Corporate,Slow
260,Chinox,Black,Male,t,4049,festival,Party,Kano,High,Traditional,Fast
261,Chinox,Pink,Female,t,4562,festival,Casual,Abuja,Medium,Traditional,Fast
262,Irish,Red,Female,t,2635,festival,Church,Kano,Low,Fashion,Fast
263,Brocade,Cream,Female,t,6356,festival,Office,Kano,Medium,Casual,Fast
264,Chinox,Cream,Female,t,2617,festival,Wedding,Port Harcourt,Medium,Casual,Fast
265,Irish,Olive,Male,t,6105,festival,Office,Benin,Medium,Corporate,Fast
266,Silk,Cream,Female,t,7638,normal,Church,Ibadan,Medium,Casual,Slow
267,Jeans,White,Female,t,3296,festival,Party,Enugu,High,Casual,Slow
268,Crepe,pitch,Female,t,7808,festival,Party,Enugu,Medium,Corporate,Slow
269,Cashmen,magenta,Female,t,6240,normal,Wedding,Enugu,High,Casual,Slow
270,Jonkoso,Brown,Male,t,2677,normal,Office,Enugu,Medium,Casual,Slow
271,Licra,Pink,Female,t,2367,normal,Office,Ibadan,High,Traditional,Slow
272,Damask,Violet,Female,t,6483,normal,Casual,Abuja,High,Casual,Fast
273,Milkado,White,Female,t,5532,festival,Church,Port Harcourt,High,Fashion,Fast
274,Crepe,magenta,Male,t,5303,normal,Office,Abuja,High,Fashion,Slow
275,Licra,White,Female,t,2583,festival,Church,Abeokuta,Low,Traditional,Fast
276,Sevenstar,Yellow,Male,t,4967,festival,Wedding,Enugu,High,Corporate,Fast
277,Crepe,Cream,Male,t,5740,normal,Party,Benin,High,Corporate,Slow
278,Rib,Violet,Male,t,2052,festival,Office,Lagos,Medium,Corporate,Fast
279,Chinox,magenta,Male,t,7342,festival,Office,Abuja,High,Fashion,Fast
280,Jonkoso,Pink,Female,t,4131,normal,Casual,Kano,Medium,Traditional,Slow
281,Milkado,Grey,Female,t,5086,normal,Office,Abeokuta,High,Fashion,Slow
282,Damask,Cream,Female,t,7989,festival,Wedding,Port Harcourt,Medium,Corporate,Fast
283,Jonkoso,Pink,Female,t,7686,festival,Wedding,Ibadan,High,Casual,Slow
284,Rib,Cream,Female,t,4512,festival,Church,Ibadan,Low,Traditional,Fast
285,Cashmen,wine,Male,t,4319,normal,Party,Abuja,High,Fashion,Fast
286,Cashmen,lilac,Male,t,2119,festival,Wedding,Ibadan,Medium,Casual,Slow
287,Brocade,White,Male,t,6467,normal,Party,Lagos,Low,Corporate,Fast
288,Crepe,Violet,Female,t,2641,festival,Church,Lagos,Medium,Casual,Fast
289,Cashmen,Red,Male,t,7597,normal,Casual,Enugu,High,Casual,Fast
290,Jeans,pitch,Female,t,5925,normal,Wedding,Abeokuta,High,Casual,Fast
291,Silk,Olive,Male,t,6401,festival,Office,Ibadan,Medium,Fashion,Slow
292,Crepe,Yellow,Female,t,6156,festival,Church,Lagos,Medium,Casual,Slow
293,Silk,Olive,Male,t,7071,festival,Office,Lagos,High,Fashion,Slow
294,Crepe,Grey,Female,t,7272,normal,Office,Port Harcourt,Low,Casual,Slow
295,Jonkoso,magenta,Male,t,4544,normal,Party,Ibadan,Low,Casual,Fast
296,Milkado,Green,Female,t,4013,normal,Casual,Enugu,Medium,Corporate,Slow
297,Linen,Violet,Female,t,6190,normal,Office,Enugu,Low,Traditional,Slow
298,Jeans,Violet,Female,t,4887,normal,Office,Enugu,High,Fashion,Slow
299,Irish,Grey,Male,t,4910,festival,Church,Lagos,Low,Traditional,Slow
300,Cashmen,lilac,Female,t,4045,normal,Wedding,Lagos,High,Casual,Slow
301,Jeans,Blue,Female,t,7656,festival,Casual,Enugu,High,Corporate,Fast
302,Linen,Grey,Male,t,4862,festival,Casual,Abeokuta,Medium,Casual,Slow
303,Licra,Black,Male,t,4821,festival,Casual,Ibadan,Medium,Traditional,Fast
304,Cashmen,Red,Male,t,4784,festival,Party,Abuja,Low,Casual,Fast
305,Crepe,Grey,Female,t,4937,normal,Wedding,Benin,Low,Casual,Fast
306,Sevenstar,Olive,Male,t,4908,normal,Wedding,Kano,Low,Fashion,Fast
307,Milkado,Red,Female,t,7772,normal,Wedding,Kano,Low,Corporate,Fast
308,Crepe,Black,Female,t,7435,normal,Casual,Abeokuta,High,Fashion,Slow
309,Jonkoso,Violet,Female,t,3549,festival,Church,Kano,Low,Traditional,Fast
310,Irish,Black,Female,t,6937,normal,Party,Abuja,Medium,Casual,Slow
311,Rib,wine,Male,t,7280,festival,Church,Enugu,Low,Casual,Fast
312,Damask,White,Male,t,5102,festival,Party,Abeokuta,Low,Fashion,Fast
313,Cashmen,Grey,Male,t,4609,festival,Party,Kano,High,Casual,Slow
314,Irish,Cream,Female,t,4905,normal,Party,Port Harcourt,High,Corporate,Fast
315,Cashmen,Pink,Female,t,5219,normal,Wedding,Enugu,High,Fashion,Fast
316,Brocade,Green,Female,t,7649,festival,Church,Lagos,High,Traditional,Fast
317,Crepe,Yellow,Male,t,5794,festival,Casual,Abuja,Low,Casual,Fast
318,Irish,wine,Male,t,4929,normal,Party,Lagos,Low,Casual,Slow
319,Linen,Green,Male,t,5297,festival,Church,Enugu,Medium,Corporate,Slow
320,Linen,pitch,Female,t,5810,normal,Party,Benin,Low,Traditional,Fast
321,Sevenstar,Brown,Female,t,7509,festival,Church,Abeokuta,Low,Casual,Fast
322,Brocade,magenta,Female,t,2965,festival,Church,Abuja,Medium,Corporate,Fast
323,Licra,Brown,Female,t,6494,normal,Casual,Enugu,High,Fashion,Fast
324,Jeans,Pink,Male,t,5556,festival,Office,Abuja,Medium,Casual,Slow
325,Chinox,Violet,Male,t,2662,normal,Party,Abeokuta,Low,Fashion,Fast
326,Licra,Black,Female,t,5783,normal,Church,Port Harcourt,Medium,Casual,Slow
327,Silk,magenta,Female,t,6987,normal,Wedding,Abeokuta,Medium,Casual,Slow
328,Rib,Grey,Female,t,4144,normal,Party,Enugu,High,Fashion,Fast
329,Linen,Violet,Female,t,7103,festival,Casual,Port Harcourt,High,Traditional,Slow
330,Damask,Cream,Female,t,6148,normal,Casual,Abeokuta,Medium,Fashion,Fast
331,Linen,Violet,Female,t,6534,festival,Party,Benin,Medium,Fashion,Fast
332,Silk,Grey,Male,t,2199,normal,Office,Kano,Medium,Fashion,Fast
333,Irish,pitch,Male,t,2133,normal,Casual,Abeokuta,Medium,Traditional,Slow
334,Linen,Brown,Male,t,5913,normal,Party,Abeokuta,Medium,Casual,Slow
335,Licra,pitch,Female,t,6364,normal,Church,Kano,Low,Casual,Slow
336,Cashmen,White,Female,t,3850,normal,Party,Port Harcourt,Low,Corporate,Fast
337,Silk,Grey,Female,t,7813,normal,Church,Enugu,Medium,Corporate,Fast
338,Irish,Cream,Male,t,6273,festival,Party,Abeokuta,High,Casual,Slow
339,Jeans,Grey,Male,t,6112,festival,Office,Ibadan,Low,Traditional,Slow
340,Jonkoso,pitch,Female,t,5890,normal,Office,Ibadan,Low,Corporate,Fast
341,Silk,orange,Female,t,3334,festival,Wedding,Benin,Medium,Fashion,Fast
342,Rib,Yellow,Female,t,5580,festival,Wedding,Kano,Medium,Casual,Slow
343,Chinox,Red,Female,t,5059,festival,Church,Ibadan,High,Casual,Slow
344,Jonkoso,pitch,Female,t,3257,festival,Office,Lagos,Low,Fashion,Fast
345,Linen,Grey,Female,t,7986,festival,Wedding,Abeokuta,Medium,Corporate,Fast
346,Rib,wine,Male,t,3231,festival,Church,Lagos,Low,Traditional,Fast
347,Jeans,Red,Male,t,3337,normal,Office,Benin,High,Corporate,Slow
348,Sevenstar,orange,Male,t,6942,normal,Church,Abuja,Low,Casual,Fast
349,Irish,Blue,Male,t,6887,festival,Office,Ibadan,High,Corporate,Slow
350,Silk,pitch,Male,t,2982,festival,Party,Abuja,Low,Fashion,Fast
351,Damask,orange,Female,t,6783,festival,Party,Kano,Low,Casual,Fast
352,Sevenstar,orange,Male,t,5295,normal,Church,Abeokuta,High,Corporate,Fast
353,Irish,Brown,Male,t,7475,normal,Office,Abuja,Low,Traditional,Fast
354,Crepe,Pink,Male,t,6447,festival,Church,Ibadan,Low,Fashion,Slow
355,Damask,lilac,Male,t,7082,normal,Casual,Lagos,Low,Fashion,Slow
356,Sevenstar,Black,Female,t,6982,festival,Casual,Port Harcourt,Low,Fashion,Slow
357,Sevenstar,Grey,Female,t,2891,festival,Wedding,Ibadan,High,Traditional,Fast
358,Damask,Grey,Female,t,3985,normal,Church,Abuja,High,Casual,Slow
359,Brocade,Cream,Male,t,6557,festival,Office,Benin,Low,Corporate,Slow
360,Irish,Pink,Female,t,3916,festival,Office,Ibadan,High,Casual,Slow
361,Linen,Black,Female,t,7867,festival,Casual,Enugu,Low,Traditional,Slow
362,Chinox,pitch,Male,t,2535,normal,Party,Abuja,Medium,Casual,Slow
363,Jonkoso,wine,Male,t,4751,festival,Office,Ibadan,Low,Fashion,Fast
364,Crepe,orange,Female,t,4585,festival,Casual,Ibadan,High,Fashion,Slow
365,Silk,lilac,Female,t,3475,festival,Church,Kano,High,Fashion,Fast
366,Chinox,Red,Male,t,6031,normal,Church,Ibadan,High,Traditional,Fast
367,Damask,Grey,Male,t,7311,normal,Office,Enugu,Low,Traditional,Slow
368,Cashmen,Yellow,Male,t,7534,normal,Wedding,Port Harcourt,Medium,Traditional,Fast
369,Crepe,White,Female,t,7034,festival,Casual,Kano,Low,Fashion,Slow
370,Irish,Blue,Male,t,5414,festival,Casual,Lagos,Low,Fashion,Slow
371,Crepe,Cream,Female,t,5826,normal,Wedding,Ibadan,Medium,Traditional,Fast
372,Linen,pitch,Female,t,6660,normal,Wedding,Enugu,Low,Fashion,Fast
373,Irish,Olive,Female,t,7621,normal,Casual,Kano,Medium,Casual,Fast
374,Cashmen,Pink,Male,t,4716,festival,Office,Ibadan,Low,Casual,Slow
375,Irish,Pink,Male,t,3092,festival,Office,Ibadan,Low,Corporate,Fast
376,Silk,Red,Male,t,2700,normal,Office,Lagos,Low,Corporate,Slow
377,Milkado,Yellow,Female,t,2077,normal,Office,Kano,High,Casual,Fast
378,Licra,Red,Male,t,5142,normal,Wedding,Abeokuta,Medium,Casual,Slow
379,Irish,Pink,Female,t,2484,festival,Party,Abeokuta,High,Casual,Fast
380,Licra,wine,Female,t,4656,normal,Casual,Lagos,Medium,Fashion,Fast
381,Chinox,lilac,Male,t,6925,festival,Casual,Enugu,High,Corporate,Fast
382,Rib,Black,Female,t,2341,festival,Party,Benin,Low,Traditional,Fast
383,Licra,Red,Male,t,5511,normal,Church,Abeokuta,Low,Corporate,Fast
384,Crepe,White,Female,t,4322,festival,Party,Benin,High,Casual,Fast
385,Jonkoso,wine,Male,t,4251,festival,Church,Kano,High,Fashion,Fast
386,Sevenstar,pitch,Male,t,4332,normal,Office,Port Harcourt,Low,Casual,Fast
387,Cashmen,Red,Female,t,4664,normal,Church,Ibadan,Medium,Casual,Fast
388,Rib,Red,Male,t,3822,festival,Church,Abeokuta,Low,Corporate,Fast
389,Damask,pitch,Female,t,4262,festival,Church,Enugu,Medium,Traditional,Slow
390,Irish,orange,Female,t,6799,normal,Wedding,Kano,High,Casual,Fast
391,Milkado,Red,Female,t,7068,normal,Wedding,Lagos,Medium,Traditional,Fast
392,Damask,magenta,Female,t,5164,festival,Office,Enugu,Medium,Fashion,Fast
393,Chinox,Pink,Female,t,6411,normal,Office,Ibadan,Medium,Traditional,Slow
394,Jeans,Olive,Female,t,6577,normal,Wedding,Benin,High,Casual,Slow
395,Rib,Cream,Male,t,4429,festival,Wedding,Kano,Medium,Fashion,Fast
396,Linen,Green,Female,t,7369,festival,Church,Abuja,High,Corporate,Fast
397,Irish,Olive,Female,t,7579,normal,Wedding,Lagos,Low,Fashion,Fast
398,Jonkoso,White,Female,t,2230,normal,Wedding,Lagos,High,Traditional,Fast
399,Chinox,magenta,Female,t,5909,festival,Office,Kano,High,Fashion,Fast
400,Irish,Pink,Male,t,2238,festival,Casual,Ibadan,High,Traditional,Fast
401,Jonkoso,pitch,Female,t,6718,normal,Office,Ibadan,High,Corporate,Fast
402,Silk,wine,Male,t,5743,normal,Church,Ibadan,High,Corporate,Slow
403,Rib,Violet,Male,t,3329,normal,Party,Ibadan,High,Traditional,Fast
404,Brocade,Pink,Female,t,7218,normal,Office,Kano,High,Casual,Slow
405,Chinox,wine,Male,t,6215,festival,Party,Abeokuta,High,Corporate,Slow
406,Silk,Yellow,Male,t,5136,festival,Casual,Port Harcourt,High,Corporate,Fast
407,Licra,Black,Male,t,3935,normal,Party,Enugu,Low,Corporate,Slow
408,Irish,Grey,Female,t,6065,festival,Wedding,Port Harcourt,Medium,Corporate,Slow
409,Crepe,magenta,Male,t,6477,festival,Party,Lagos,Medium,Fashion,Fast
410,Rib,Red,Male,t,6134,normal,Casual,Lagos,High,Traditional,Fast
411,Jeans,orange,Female,t,5302,festival,Wedding,Benin,Low,Fashion,Fast
412,Rib,Grey,Female,t,5047,normal,Casual,Ibadan,Medium,Casual,Slow
413,Crepe,Olive,Female,t,5723,normal,Wedding,Abeokuta,Medium,Corporate,Slow
414,Jonkoso,Green,Female,t,6972,festival,Wedding,Benin,High,Corporate,Fast
415,Cashmen,wine,Female,t,5781,normal,Church,Abuja,Low,Casual,Fast
416,Rib,Yellow,Female,t,4777,normal,Party,Kano,Low,Fashion,Fast
417,Cashmen,Yellow,Male,t,4279,festival,Wedding,Kano,High,Corporate,Fast
418,Jeans,pitch,Male,t,5519,festival,Office,Abuja,Medium,Traditional,Slow
419,Brocade,Olive,Male,t,7234,normal,Casual,Port Harcourt,Medium,Casual,Fast
420,Rib,lilac,Female,t,3919,normal,Party,Enugu,High,Casual,Slow
421,Chinox,White,Male,t,2337,festival,Church,Benin,Low,Corporate,Slow
422,Damask,Yellow,Male,t,5541,normal,Casual,Lagos,Medium,Casual,Slow
423,Rib,Black,Male,t,6938,normal,Church,Kano,High,Fashion,Slow
424,Crepe,Brown,Female,t,6361,normal,Casual,Lagos,Low,Fashion,Slow
425,Chinox,Olive,Female,t,2439,normal,Party,Abuja,High,Casual,Fast
426,Jonkoso,orange,Male,t,3839,normal,Wedding,Abuja,High,Traditional,Fast
427,Rib,orange,Female,t,7719,normal,Party,Benin,Low,Fashion,Fast
428,Crepe,White,Male,t,4253,normal,Casual,Lagos,Medium,Fashion,Slow
429,Milkado,wine,Female,t,5187,festival,Party,Benin,Medium,Fashion,Fast
430,Linen,lilac,Male,t,2397,festival,Wedding,Benin,High,Fashion,Fast
431,Cashmen,lilac,Female,t,4982,festival,Wedding,Ibadan,Medium,Corporate,Slow
432,Cashmen,Violet,Female,t,3832,normal,Party,Enugu,High,Casual,Slow
433,Rib,Green,Female,t,4423,festival,Party,Enugu,Low,Corporate,Fast
434,Jonkoso,Red,Female,t,6797,normal,Church,Enugu,Low,Corporate,Fast
435,Damask,wine,Male,t,2871,festival,Casual,Port Harcourt,Medium,Corporate,Slow
436,Rib,White,Female,t,6976,normal,Wedding,Kano,High,Casual,Fast
437,Rib,Green,Male,t,4030,festival,Wedding,Lagos,High,Traditional,Fast
438,Chinox,Green,Male,t,2571,normal,Party,Port Harcourt,High,Corporate,Fast
439,Licra,Brown,Male,t,5325,festival,Church,Abeokuta,Low,Traditional,Fast
440,Sevenstar,Black,Female,t,5547,normal,Party,Kano,High,Fashion,Fast
441,Chinox,Black,Female,t,3826,festival,Wedding,Abeokuta,High,Fashion,Fast
442,Sevenstar,Violet,Female,t,6725,normal,Church,Kano,High,Traditional,Fast
443,Damask,Cream,Male,t,4391,normal,Church,Lagos,Medium,Casual,Fast
444,Crepe,Cream,Female,t,3371,normal,Church,Ibadan,Low,Casual,Slow
445,Cashmen,White,Female,t,7156,festival,Wedding,Abuja,Low,Casual,Slow
446,Chinox,Violet,Male,t,2756,festival,Office,Enugu,High,Fashion,Fast
447,Jeans,orange,Male,t,2101,normal,Church,Benin,High,Traditional,Fast
448,Brocade,Green,Female,t,7441,normal,Church,Benin,Low,Corporate,Slow
449,Cashmen,wine,Male,t,7102,normal,Wedding,Abuja,Medium,Fashion,Fast
450,Licra,Green,Female,t,6648,normal,Casual,Ibadan,Low,Fashion,Fast
451,Jeans,lilac,Male,t,4275,festival,Party,Ibadan,Medium,Fashion,Fast
452,Milkado,Olive,Female,t,5519,normal,Party,Abuja,High,Traditional,Fast
453,Jonkoso,White,Male,t,3210,normal,Office,Abeokuta,Medium,Fashion,Slow
454,Milkado,magenta,Female,t,3207,normal,Wedding,Benin,Low,Corporate,Slow
455,Crepe,Brown,Female,t,4954,festival,Casual,Abeokuta,Medium,Fashion,Fast
456,Licra,Grey,Male,t,4704,festival,Office,Lagos,High,Fashion,Slow
457,Jeans,Olive,Male,t,3678,festival,Wedding,Enugu,Low,Casual,Slow
458,Licra,orange,Female,t,7180,normal,Church,Kano,Low,Fashion,Fast
459,Jonkoso,Olive,Female,t,4785,normal,Casual,Abeokuta,Medium,Fashion,Slow
460,Milkado,White,Female,t,6292,normal,Party,Enugu,Low,Traditional,Fast
461,Brocade,Black,Female,t,2226,festival,Wedding,Abeokuta,High,Traditional,Fast
462,Jeans,Grey,Female,t,7259,normal,Party,Port Harcourt,High,Casual,Slow
463,Licra,pitch,Male,t,6645,festival,Office,Enugu,Low,Corporate,Slow
464,Damask,Pink,Female,t,2253,normal,Church,Port Harcourt,Medium,Traditional,Fast
465,Silk,Blue,Male,t,5515,normal,Office,Benin,Low,Casual,Slow
466,Chinox,pitch,Female,t,7001,normal,Casual,Abuja,High,Casual,Fast
467,Jonkoso,Violet,Female,t,7478,festival,Party,Lagos,Medium,Traditional,Fast
468,Rib,White,Male,t,7470,festival,Wedding,Kano,Medium,Fashion,Fast
469,Linen,Yellow,Male,t,7491,festival,Party,Ibadan,High,Fashion,Fast
470,Jonkoso,magenta,Female,t,3871,normal,Casual,Abuja,Medium,Traditional,Fast
471,Brocade,pitch,Female,t,5866,festival,Wedding,Lagos,High,Fashion,Fast
472,Chinox,Grey,Male,t,2847,festival,Church,Benin,High,Casual,Fast
473,Brocade,wine,Male,t,7877,normal,Casual,Abuja,High,Corporate,Slow
474,Chinox,Violet,Female,t,3726,normal,Church,Benin,High,Traditional,Slow
475,Jeans,Violet,Female,t,5028,normal,Office,Benin,Low,Casual,Slow
476,Irish,Cream,Male,t,4827,festival,Church,Benin,Medium,Traditional,Fast
477,Jonkoso,Blue,Male,t,3369,festival,Office,Abuja,High,Fashion,Fast
478,Irish,White,Male,t,7367,festival,Office,Port Harcourt,Low,Traditional,Fast
479,Chinox,Blue,Female,t,5067,festival,Party,Ibadan,Medium,Corporate,Slow
480,Sevenstar,Olive,Female,t,4601,festival,Wedding,Enugu,Medium,Traditional,Fast
481,Silk,Olive,Male,t,2275,festival,Church,Port Harcourt,High,Traditional,Fast
482,Damask,Violet,Male,t,3859,festival,Church,Kano,Low,Corporate,Slow
483,Cashmen,White,Male,t,7223,festival,Casual,Ibadan,Medium,Traditional,Slow
484,Irish,Grey,Male,t,3853,festival,Casual,Abeokuta,Low,Fashion,Fast
485,Silk,orange,Male,t,5539,festival,Church,Abeokuta,High,Casual,Slow
486,Chinox,Olive,Female,t,5127,normal,Office,Abuja,High,Corporate,Slow
487,Damask,orange,Male,t,7930,festival,Casual,Enugu,High,Traditional,Fast
488,Crepe,wine,Male,t,4432,festival,Church,Kano,Medium,Traditional,Slow
489,Milkado,orange,Female,t,2831,festival,Wedding,Port Harcourt,Medium,Fashion,Fast
490,Sevenstar,White,Male,t,4883,normal,Church,Kano,Medium,Fashion,Fast
491,Jeans,White,Female,t,2724,festival,Party,Abuja,High,Fashion,Fast
492,Brocade,Brown,Male,t,2756,festival,Casual,Port Harcourt,Low,Corporate,Slow
493,Sevenstar,Yellow,Female,t,6997,normal,Party,Lagos,Medium,Casual,Slow
494,Linen,Violet,Female,t,5687,normal,Wedding,Enugu,High,Fashion,Fast
495,Cashmen,Cream,Female,t,2926,festival,Wedding,Ibadan,Low,Corporate,Slow
496,Brocade,Brown,Female,t,5160,normal,Party,Lagos,Low,Fashion,Fast
497,Irish,White,Female,t,7313,normal,Wedding,Enugu,Low,Traditional,Fast
498,Chinox,Brown,Female,t,5197,normal,Casual,Port Harcourt,Low,Corporate,Fast
499,Milkado,Blue,Female,t,3424,festival,Office,Enugu,Low,Traditional,Slow
500,Brocade,Green,Male,t,5920,festival,Wedding,Ibadan,Medium,Casual,Fast
